{"cameraMode":{"drawMode":0,"name":"Shaded","section":"Shading Mode"},"sceneLighting":true,"audioPlay":false,"sceneViewState":{"showFog":true,"showMaterialUpdate":false,"showSkybox":true,"showFlares":true,"showImageEffects":true,"showParticleSystems":true},"in2DMode":false,"pivot":{"x":7.978631973266602,"y":-2.95513916015625,"z":-7.490728855133057},"rotation":{"x":0.37786757946014407,"y":-0.5939231514930725,"z":0.37018677592277529,"w":0.6061626076698303},"size":31.784683227539064,"orthographic":false}